2.81567752361298e-02,3.00000000000000e+00,8.53648892617428e+05,2.40000000000000e+01,3.60000000000000e+01,0.00000000000000e+00,0.00000000000000e+00,3.00000000000000e+00,0.00000000000000e+00,0.00000000000000e+00
2.80194640159607e-02,2.00000000000000e+00,8.57403798866044e+05,2.40000000000000e+01,2.40000000000000e+01,0.00000000000000e+00,0.00000000000000e+00,3.00000000000000e+00,0.00000000000000e+00,0.00000000000000e+00
2.33715116977692e-02,1.10000000000000e+01,1.03253898313721e+06,2.40000000000000e+01,2.40000000000000e+01,0.00000000000000e+00,0.00000000000000e+00,3.00000000000000e+00,0.00000000000000e+00,0.00000000000000e+00
2.35549092292786e-02,1.20000000000000e+01,1.02500912698165e+06,2.40000000000000e+01,3.60000000000000e+01,0.00000000000000e+00,0.00000000000000e+00,3.00000000000000e+00,0.00000000000000e+00,0.00000000000000e+00
2.32476472854614e-02,1.40000000000000e+01,1.03958893581879e+06,2.40000000000000e+01,6.00000000000000e+01,0.00000000000000e+00,0.00000000000000e+00,3.00000000000000e+00,0.00000000000000e+00,0.00000000000000e+00
2.24238395690918e-02,1.30000000000000e+01,1.07724623676187e+06,2.40000000000000e+01,4.80000000000000e+01,0.00000000000000e+00,0.00000000000000e+00,3.00000000000000e+00,0.00000000000000e+00,0.00000000000000e+00
2.15643674135208e-02,1.50000000000000e+01,1.12129419501725e+06,2.40000000000000e+01,7.20000000000000e+01,0.00000000000000e+00,0.00000000000000e+00,3.00000000000000e+00,0.00000000000000e+00,0.00000000000000e+00
2.09871381521225e-02,1.70000000000000e+01,1.15327777539560e+06,2.40000000000000e+01,1.08000000000000e+02,0.00000000000000e+00,0.00000000000000e+00,3.00000000000000e+00,0.00000000000000e+00,0.00000000000000e+00
2.07159370183945e-02,1.30000000000000e+01,1.16605876811418e+06,2.40000000000000e+01,4.80000000000000e+01,0.00000000000000e+00,0.00000000000000e+00,3.00000000000000e+00,0.00000000000000e+00,0.00000000000000e+00
2.07411348819733e-02,8.00000000000000e+00,1.16174918464371e+06,2.40000000000000e+01,9.60000000000000e+01,0.00000000000000e+00,0.00000000000000e+00,3.00000000000000e+00,0.00000000000000e+00,0.00000000000000e+00
2.56727874279022e-02,3.00000000000000e+00,9.36244265158239e+05,2.40000000000000e+01,3.60000000000000e+01,0.00000000000000e+00,0.00000000000000e+00,3.00000000000000e+00,0.00000000000000e+00,0.00000000000000e+00
3.81973385810852e-02,3.00000000000000e+00,6.29258500536011e+05,2.40000000000000e+01,3.60000000000000e+01,0.00000000000000e+00,0.00000000000000e+00,3.00000000000000e+00,0.00000000000000e+00,0.00000000000000e+00
3.35914313793182e-02,3.00000000000000e+00,7.15539618677834e+05,2.40000000000000e+01,3.60000000000000e+01,0.00000000000000e+00,0.00000000000000e+00,3.00000000000000e+00,0.00000000000000e+00,0.00000000000000e+00
3.99710178375244e-02,2.00000000000000e+00,6.01035303447973e+05,2.40000000000000e+01,2.40000000000000e+01,0.00000000000000e+00,0.00000000000000e+00,3.00000000000000e+00,0.00000000000000e+00,0.00000000000000e+00
2.37717986106873e-02,1.00000000000000e+01,1.01464753976466e+06,2.40000000000000e+01,1.20000000000000e+01,0.00000000000000e+00,0.00000000000000e+00,3.00000000000000e+00,0.00000000000000e+00,0.00000000000000e+00
2.40096271038055e-02,1.30000000000000e+01,1.00609630033657e+06,2.40000000000000e+01,4.80000000000000e+01,0.00000000000000e+00,0.00000000000000e+00,3.00000000000000e+00,0.00000000000000e+00,0.00000000000000e+00
2.36699163913727e-02,1.40000000000000e+01,1.02104276827375e+06,2.40000000000000e+01,6.00000000000000e+01,0.00000000000000e+00,0.00000000000000e+00,3.00000000000000e+00,0.00000000000000e+00,0.00000000000000e+00
2.28062748908997e-02,1.40000000000000e+01,1.05970821440318e+06,2.40000000000000e+01,6.00000000000000e+01,0.00000000000000e+00,0.00000000000000e+00,3.00000000000000e+00,0.00000000000000e+00,0.00000000000000e+00
2.19021111726761e-02,1.40000000000000e+01,1.10345527010888e+06,2.40000000000000e+01,6.00000000000000e+01,0.00000000000000e+00,0.00000000000000e+00,3.00000000000000e+00,0.00000000000000e+00,0.00000000000000e+00
2.13419437408447e-02,1.50000000000000e+01,1.13298005641258e+06,2.40000000000000e+01,7.20000000000000e+01,0.00000000000000e+00,0.00000000000000e+00,3.00000000000000e+00,0.00000000000000e+00,0.00000000000000e+00
2.11180627346039e-02,1.20000000000000e+01,1.14328652661773e+06,2.40000000000000e+01,3.60000000000000e+01,0.00000000000000e+00,0.00000000000000e+00,3.00000000000000e+00,0.00000000000000e+00,0.00000000000000e+00
2.12240785360336e-02,5.00000000000000e+00,1.13361811958769e+06,2.40000000000000e+01,7.20000000000000e+01,0.00000000000000e+00,0.00000000000000e+00,3.00000000000000e+00,0.00000000000000e+00,0.00000000000000e+00
2.92839109897614e-02,3.00000000000000e+00,8.20792004469751e+05,2.40000000000000e+01,3.60000000000000e+01,0.00000000000000e+00,0.00000000000000e+00,3.00000000000000e+00,0.00000000000000e+00,0.00000000000000e+00
3.84208202362061e-02,3.00000000000000e+00,6.25598110465089e+05,2.40000000000000e+01,3.60000000000000e+01,0.00000000000000e+00,0.00000000000000e+00,3.00000000000000e+00,0.00000000000000e+00,0.00000000000000e+00
3.46577405929565e-02,3.00000000000000e+00,6.93524486054601e+05,2.40000000000000e+01,3.60000000000000e+01,0.00000000000000e+00,0.00000000000000e+00,3.00000000000000e+00,0.00000000000000e+00,0.00000000000000e+00
3.36945652961731e-02,2.00000000000000e+00,7.12993194571884e+05,2.40000000000000e+01,2.40000000000000e+01,0.00000000000000e+00,0.00000000000000e+00,3.00000000000000e+00,0.00000000000000e+00,0.00000000000000e+00
2.46520519256592e-02,1.20000000000000e+01,9.79390852947427e+05,2.40000000000000e+01,3.60000000000000e+01,0.00000000000000e+00,0.00000000000000e+00,3.00000000000000e+00,0.00000000000000e+00,0.00000000000000e+00
2.48687505722046e-02,1.30000000000000e+01,9.71339277388769e+05,2.40000000000000e+01,4.80000000000000e+01,0.00000000000000e+00,0.00000000000000e+00,3.00000000000000e+00,0.00000000000000e+00,0.00000000000000e+00
2.44176745414734e-02,1.40000000000000e+01,9.89774601976709e+05,2.40000000000000e+01,6.00000000000000e+01,0.00000000000000e+00,0.00000000000000e+00,3.00000000000000e+00,0.00000000000000e+00,0.00000000000000e+00
2.34487444162369e-02,1.50000000000000e+01,1.03118527673732e+06,2.40000000000000e+01,7.20000000000000e+01,0.00000000000000e+00,0.00000000000000e+00,3.00000000000000e+00,0.00000000000000e+00,0.00000000000000e+00
2.25547939538956e-02,1.60000000000000e+01,1.07258794070347e+06,2.40000000000000e+01,8.40000000000000e+01,0.00000000000000e+00,0.00000000000000e+00,3.00000000000000e+00,0.00000000000000e+00,0.00000000000000e+00
2.20600366592407e-02,1.50000000000000e+01,1.09609957167682e+06,2.40000000000000e+01,7.20000000000000e+01,0.00000000000000e+00,0.00000000000000e+00,3.00000000000000e+00,0.00000000000000e+00,0.00000000000000e+00
2.19758182764053e-02,1.30000000000000e+01,1.09920821587497e+06,2.40000000000000e+01,4.80000000000000e+01,0.00000000000000e+00,0.00000000000000e+00,3.00000000000000e+00,0.00000000000000e+00,0.00000000000000e+00
2.96460092067718e-02,2.00000000000000e+00,8.10362023179577e+05,2.40000000000000e+01,2.40000000000000e+01,0.00000000000000e+00,0.00000000000000e+00,3.00000000000000e+00,0.00000000000000e+00,0.00000000000000e+00
3.46128702163696e-02,3.00000000000000e+00,6.94423535857448e+05,2.40000000000000e+01,3.60000000000000e+01,0.00000000000000e+00,0.00000000000000e+00,3.00000000000000e+00,0.00000000000000e+00,0.00000000000000e+00
3.34673702716827e-02,3.00000000000000e+00,7.18192072005646e+05,2.40000000000000e+01,3.60000000000000e+01,0.00000000000000e+00,0.00000000000000e+00,3.00000000000000e+00,0.00000000000000e+00,0.00000000000000e+00
3.35331678390503e-02,3.00000000000000e+00,7.16782734127833e+05,2.40000000000000e+01,3.60000000000000e+01,0.00000000000000e+00,0.00000000000000e+00,3.00000000000000e+00,0.00000000000000e+00,0.00000000000000e+00
2.71038115024567e-02,1.00000000000000e+00,8.85927058554978e+05,2.40000000000000e+01,1.20000000000000e+01,0.00000000000000e+00,0.00000000000000e+00,3.00000000000000e+00,0.00000000000000e+00,0.00000000000000e+00
2.63337850570679e-02,1.20000000000000e+01,9.16844824352314e+05,2.40000000000000e+01,3.60000000000000e+01,0.00000000000000e+00,0.00000000000000e+00,3.00000000000000e+00,0.00000000000000e+00,0.00000000000000e+00
2.63598918914795e-02,1.30000000000000e+01,9.16392018500123e+05,2.40000000000000e+01,4.80000000000000e+01,0.00000000000000e+00,0.00000000000000e+00,3.00000000000000e+00,0.00000000000000e+00,0.00000000000000e+00
2.55394399166107e-02,1.50000000000000e+01,9.46770958131836e+05,2.40000000000000e+01,7.20000000000000e+01,0.00000000000000e+00,0.00000000000000e+00,3.00000000000000e+00,0.00000000000000e+00,0.00000000000000e+00
2.44211256504059e-02,1.60000000000000e+01,9.90617727713052e+05,2.40000000000000e+01,8.40000000000000e+01,0.00000000000000e+00,0.00000000000000e+00,3.00000000000000e+00,0.00000000000000e+00,0.00000000000000e+00
2.37147092819214e-02,1.70000000000000e+01,1.02063224434004e+06,2.40000000000000e+01,1.08000000000000e+02,0.00000000000000e+00,0.00000000000000e+00,3.00000000000000e+00,0.00000000000000e+00,0.00000000000000e+00
2.35448867082596e-02,1.60000000000000e+01,1.02748423892451e+06,2.40000000000000e+01,8.40000000000000e+01,0.00000000000000e+00,0.00000000000000e+00,3.00000000000000e+00,0.00000000000000e+00,0.00000000000000e+00
3.53256464004517e-02,2.00000000000000e+00,6.80072251773426e+05,2.40000000000000e+01,2.40000000000000e+01,0.00000000000000e+00,0.00000000000000e+00,3.00000000000000e+00,0.00000000000000e+00,0.00000000000000e+00
3.26111137866974e-02,4.00000000000000e+00,7.37417315989053e+05,2.40000000000000e+01,4.80000000000000e+01,0.00000000000000e+00,0.00000000000000e+00,3.00000000000000e+00,0.00000000000000e+00,0.00000000000000e+00
3.57111454010010e-02,4.00000000000000e+00,6.73402986725169e+05,2.40000000000000e+01,4.80000000000000e+01,0.00000000000000e+00,0.00000000000000e+00,3.00000000000000e+00,0.00000000000000e+00,0.00000000000000e+00
4.34160351753235e-02,3.00000000000000e+00,5.53620336424949e+05,2.40000000000000e+01,3.60000000000000e+01,0.00000000000000e+00,0.00000000000000e+00,3.00000000000000e+00,0.00000000000000e+00,0.00000000000000e+00
2.90566086769104e-02,1.20000000000000e+01,8.30929559458868e+05,2.40000000000000e+01,3.60000000000000e+01,0.00000000000000e+00,0.00000000000000e+00,3.00000000000000e+00,0.00000000000000e+00,0.00000000000000e+00
2.98631429672241e-02,1.60000000000000e+01,8.10095414203610e+05,2.40000000000000e+01,8.40000000000000e+01,0.00000000000000e+00,0.00000000000000e+00,3.00000000000000e+00,0.00000000000000e+00,0.00000000000000e+00
2.93583214282990e-02,1.90000000000000e+01,8.25251541004189e+05,2.40000000000000e+01,1.20000000000000e+01,0.00000000000000e+00,0.00000000000000e+00,3.00000000000000e+00,0.00000000000000e+00,0.00000000000000e+00
2.79502868652344e-02,1.70000000000000e+01,8.65965882752601e+05,2.40000000000000e+01,1.08000000000000e+02,0.00000000000000e+00,0.00000000000000e+00,3.00000000000000e+00,0.00000000000000e+00,0.00000000000000e+00
2.71026968955994e-02,1.90000000000000e+01,8.93932982576287e+05,2.40000000000000e+01,1.20000000000000e+01,0.00000000000000e+00,0.00000000000000e+00,3.00000000000000e+00,0.00000000000000e+00,0.00000000000000e+00
2.71238565444946e-02,1.70000000000000e+01,8.92350785054110e+05,2.40000000000000e+01,1.08000000000000e+02,0.00000000000000e+00,0.00000000000000e+00,3.00000000000000e+00,0.00000000000000e+00,0.00000000000000e+00
4.09449577331543e-02,3.00000000000000e+00,5.87031818635211e+05,2.40000000000000e+01,3.60000000000000e+01,0.00000000000000e+00,0.00000000000000e+00,3.00000000000000e+00,0.00000000000000e+00,0.00000000000000e+00
4.34787273406983e-02,5.00000000000000e+00,5.53373911217212e+05,2.40000000000000e+01,7.20000000000000e+01,0.00000000000000e+00,0.00000000000000e+00,3.00000000000000e+00,0.00000000000000e+00,0.00000000000000e+00
4.50877070426941e-02,5.00000000000000e+00,5.33626604192076e+05,2.40000000000000e+01,7.20000000000000e+01,0.00000000000000e+00,0.00000000000000e+00,3.00000000000000e+00,0.00000000000000e+00,0.00000000000000e+00
3.89873385429382e-02,1.20000000000000e+01,6.19277973371004e+05,2.40000000000000e+01,3.60000000000000e+01,0.00000000000000e+00,0.00000000000000e+00,3.00000000000000e+00,0.00000000000000e+00,0.00000000000000e+00
4.48597550392151e-02,2.40000000000000e+01,5.41420700553718e+05,2.40000000000000e+01,7.20000000000000e+01,0.00000000000000e+00,0.00000000000000e+00,3.00000000000000e+00,0.00000000000000e+00,0.00000000000000e+00
4.52360630035401e-02,2.80000000000000e+01,5.37977710060698e+05,2.40000000000000e+01,1.32000000000000e+02,0.00000000000000e+00,0.00000000000000e+00,3.00000000000000e+00,0.00000000000000e+00,0.00000000000000e+00
5.22121191024780e-02,3.60000000000000e+01,4.67937337537416e+05,2.40000000000000e+01,2.16000000000000e+02,0.00000000000000e+00,0.00000000000000e+00,3.00000000000000e+00,0.00000000000000e+00,0.00000000000000e+00
4.79271173477173e-02,2.40000000000000e+01,5.06769346936227e+05,2.40000000000000e+01,7.20000000000000e+01,0.00000000000000e+00,0.00000000000000e+00,3.00000000000000e+00,0.00000000000000e+00,0.00000000000000e+00
3.79580259323120e-02,2.40000000000000e+01,6.39864475974914e+05,2.40000000000000e+01,7.20000000000000e+01,0.00000000000000e+00,0.00000000000000e+00,3.00000000000000e+00,0.00000000000000e+00,0.00000000000000e+00
3.47908377647400e-02,2.10000000000000e+01,6.97080080795842e+05,2.40000000000000e+01,3.60000000000000e+01,0.00000000000000e+00,0.00000000000000e+00,3.00000000000000e+00,0.00000000000000e+00,0.00000000000000e+00
3.31605315208435e-02,1.40000000000000e+01,7.28818102349007e+05,2.40000000000000e+01,6.00000000000000e+01,0.00000000000000e+00,0.00000000000000e+00,3.00000000000000e+00,0.00000000000000e+00,0.00000000000000e+00
4.20195221900940e-02,3.00000000000000e+00,5.72019831431268e+05,2.40000000000000e+01,3.60000000000000e+01,0.00000000000000e+00,0.00000000000000e+00,3.00000000000000e+00,0.00000000000000e+00,0.00000000000000e+00
4.55104589462280e-02,4.00000000000000e+00,5.28405871039986e+05,2.40000000000000e+01,4.80000000000000e+01,0.00000000000000e+00,0.00000000000000e+00,3.00000000000000e+00,0.00000000000000e+00,0.00000000000000e+00
3.81837606430054e-02,4.00000000000000e+00,6.29796334548515e+05,2.40000000000000e+01,4.80000000000000e+01,0.00000000000000e+00,0.00000000000000e+00,3.00000000000000e+00,0.00000000000000e+00,0.00000000000000e+00
3.70461225509644e-02,4.00000000000000e+00,6.49136552107618e+05,2.40000000000000e+01,4.80000000000000e+01,0.00000000000000e+00,0.00000000000000e+00,3.00000000000000e+00,0.00000000000000e+00,0.00000000000000e+00
2.50959753990173e-02,1.00000000000000e+01,9.61110054016156e+05,2.40000000000000e+01,1.20000000000000e+01,0.00000000000000e+00,0.00000000000000e+00,3.00000000000000e+00,0.00000000000000e+00,0.00000000000000e+00
2.48379468917847e-02,1.60000000000000e+01,9.73993313535473e+05,2.40000000000000e+01,8.40000000000000e+01,0.00000000000000e+00,0.00000000000000e+00,3.00000000000000e+00,0.00000000000000e+00,0.00000000000000e+00
2.47183978557587e-02,1.60000000000000e+01,9.78704208143650e+05,2.40000000000000e+01,8.40000000000000e+01,0.00000000000000e+00,0.00000000000000e+00,3.00000000000000e+00,0.00000000000000e+00,0.00000000000000e+00
2.47125208377838e-02,1.50000000000000e+01,9.78451375265220e+05,2.40000000000000e+01,7.20000000000000e+01,0.00000000000000e+00,0.00000000000000e+00,3.00000000000000e+00,0.00000000000000e+00,0.00000000000000e+00
2.48033702373505e-02,1.40000000000000e+01,9.74383713532862e+05,2.40000000000000e+01,6.00000000000000e+01,0.00000000000000e+00,0.00000000000000e+00,3.00000000000000e+00,0.00000000000000e+00,0.00000000000000e+00
2.49189257621765e-02,9.00000000000000e+00,9.67457203556436e+05,2.40000000000000e+01,1.08000000000000e+02,0.00000000000000e+00,0.00000000000000e+00,3.00000000000000e+00,0.00000000000000e+00,0.00000000000000e+00
3.30687522888184e-02,2.00000000000000e+00,7.26486305258257e+05,2.40000000000000e+01,2.40000000000000e+01,0.00000000000000e+00,0.00000000000000e+00,3.00000000000000e+00,0.00000000000000e+00,0.00000000000000e+00
3.43764603137970e-02,3.00000000000000e+00,6.99199387621452e+05,2.40000000000000e+01,3.60000000000000e+01,0.00000000000000e+00,0.00000000000000e+00,3.00000000000000e+00,0.00000000000000e+00,0.00000000000000e+00
3.87215852737427e-02,3.00000000000000e+00,6.20738857417470e+05,2.40000000000000e+01,3.60000000000000e+01,0.00000000000000e+00,0.00000000000000e+00,3.00000000000000e+00,0.00000000000000e+00,0.00000000000000e+00
2.79587566852570e-02,3.00000000000000e+00,8.59694880948498e+05,2.40000000000000e+01,3.60000000000000e+01,0.00000000000000e+00,0.00000000000000e+00,3.00000000000000e+00,0.00000000000000e+00,0.00000000000000e+00
3.05512189865112e-02,3.00000000000000e+00,7.86744231752297e+05,2.40000000000000e+01,3.60000000000000e+01,0.00000000000000e+00,0.00000000000000e+00,3.00000000000000e+00,0.00000000000000e+00,0.00000000000000e+00
2.07761824131012e-02,8.00000000000000e+00,1.15978941965602e+06,2.40000000000000e+01,9.60000000000000e+01,0.00000000000000e+00,0.00000000000000e+00,3.00000000000000e+00,0.00000000000000e+00,0.00000000000000e+00
2.07564890384674e-02,1.40000000000000e+01,1.16435860058756e+06,2.40000000000000e+01,6.00000000000000e+01,0.00000000000000e+00,0.00000000000000e+00,3.00000000000000e+00,0.00000000000000e+00,0.00000000000000e+00
2.08228439092636e-02,1.40000000000000e+01,1.16064837758536e+06,2.40000000000000e+01,6.00000000000000e+01,0.00000000000000e+00,0.00000000000000e+00,3.00000000000000e+00,0.00000000000000e+00,0.00000000000000e+00
2.09665954113007e-02,1.40000000000000e+01,1.15269055803348e+06,2.40000000000000e+01,6.00000000000000e+01,0.00000000000000e+00,0.00000000000000e+00,3.00000000000000e+00,0.00000000000000e+00,0.00000000000000e+00
2.11613506078720e-02,1.30000000000000e+01,1.14151504068053e+06,2.40000000000000e+01,4.80000000000000e+01,0.00000000000000e+00,0.00000000000000e+00,3.00000000000000e+00,0.00000000000000e+00,0.00000000000000e+00
2.13965684175491e-02,1.10000000000000e+01,1.12784440612483e+06,2.40000000000000e+01,2.40000000000000e+01,0.00000000000000e+00,0.00000000000000e+00,3.00000000000000e+00,0.00000000000000e+00,0.00000000000000e+00
2.16775268316269e-02,9.00000000000000e+00,1.11211948610425e+06,2.40000000000000e+01,1.08000000000000e+02,0.00000000000000e+00,0.00000000000000e+00,3.00000000000000e+00,0.00000000000000e+00,0.00000000000000e+00
2.73032307624817e-02,2.00000000000000e+00,8.79895678442028e+05,2.40000000000000e+01,2.40000000000000e+01,0.00000000000000e+00,0.00000000000000e+00,3.00000000000000e+00,0.00000000000000e+00,0.00000000000000e+00
2.64757871627808e-02,2.00000000000000e+00,9.07394913087887e+05,2.40000000000000e+01,2.40000000000000e+01,0.00000000000000e+00,0.00000000000000e+00,3.00000000000000e+00,0.00000000000000e+00,0.00000000000000e+00
2.56835520267487e-02,3.00000000000000e+00,9.35851862505903e+05,2.40000000000000e+01,3.60000000000000e+01,0.00000000000000e+00,0.00000000000000e+00,3.00000000000000e+00,0.00000000000000e+00,0.00000000000000e+00
2.65659809112549e-02,3.00000000000000e+00,9.04765936837353e+05,2.40000000000000e+01,3.60000000000000e+01,0.00000000000000e+00,0.00000000000000e+00,3.00000000000000e+00,0.00000000000000e+00,0.00000000000000e+00
3.01858842372894e-02,3.00000000000000e+00,7.96266222021341e+05,2.40000000000000e+01,3.60000000000000e+01,0.00000000000000e+00,0.00000000000000e+00,3.00000000000000e+00,0.00000000000000e+00,0.00000000000000e+00
2.36642986536026e-02,3.00000000000000e+00,1.01570726231267e+06,2.40000000000000e+01,3.60000000000000e+01,0.00000000000000e+00,0.00000000000000e+00,3.00000000000000e+00,0.00000000000000e+00,0.00000000000000e+00
2.09529340267181e-02,2.00000000000000e+00,1.14656957122674e+06,2.40000000000000e+01,2.40000000000000e+01,0.00000000000000e+00,0.00000000000000e+00,3.00000000000000e+00,0.00000000000000e+00,0.00000000000000e+00
1.87531530857086e-02,1.10000000000000e+01,1.28682339736020e+06,2.40000000000000e+01,2.40000000000000e+01,0.00000000000000e+00,0.00000000000000e+00,3.00000000000000e+00,0.00000000000000e+00,0.00000000000000e+00
1.88703685998917e-02,1.30000000000000e+01,1.28010218094726e+06,2.40000000000000e+01,4.80000000000000e+01,0.00000000000000e+00,0.00000000000000e+00,3.00000000000000e+00,0.00000000000000e+00,0.00000000000000e+00
1.90341919660568e-02,1.20000000000000e+01,1.26845416096756e+06,2.40000000000000e+01,3.60000000000000e+01,0.00000000000000e+00,0.00000000000000e+00,3.00000000000000e+00,0.00000000000000e+00,0.00000000000000e+00
1.92727804183960e-02,1.30000000000000e+01,1.25337370842446e+06,2.40000000000000e+01,4.80000000000000e+01,0.00000000000000e+00,0.00000000000000e+00,3.00000000000000e+00,0.00000000000000e+00,0.00000000000000e+00
1.95407450199127e-02,1.20000000000000e+01,1.23557194431968e+06,2.40000000000000e+01,3.60000000000000e+01,0.00000000000000e+00,0.00000000000000e+00,3.00000000000000e+00,0.00000000000000e+00,0.00000000000000e+00
1.98515862226486e-02,1.10000000000000e+01,1.21562074331712e+06,2.40000000000000e+01,2.40000000000000e+01,0.00000000000000e+00,0.00000000000000e+00,3.00000000000000e+00,0.00000000000000e+00,0.00000000000000e+00
2.01823294162750e-02,8.00000000000000e+00,1.19391552604544e+06,2.40000000000000e+01,9.60000000000000e+01,0.00000000000000e+00,0.00000000000000e+00,3.00000000000000e+00,0.00000000000000e+00,0.00000000000000e+00
2.40732520818710e-02,2.00000000000000e+00,9.97954074434832e+05,2.40000000000000e+01,2.40000000000000e+01,0.00000000000000e+00,0.00000000000000e+00,3.00000000000000e+00,0.00000000000000e+00,0.00000000000000e+00
3.09045970439911e-02,2.00000000000000e+00,7.77360079013588e+05,2.40000000000000e+01,2.40000000000000e+01,0.00000000000000e+00,0.00000000000000e+00,3.00000000000000e+00,0.00000000000000e+00,0.00000000000000e+00
2.47000992298126e-02,2.00000000000000e+00,9.72627671511676e+05,2.40000000000000e+01,2.40000000000000e+01,0.00000000000000e+00,0.00000000000000e+00,3.00000000000000e+00,0.00000000000000e+00,0.00000000000000e+00
2.33672261238098e-02,3.00000000000000e+00,1.02862003419320e+06,2.40000000000000e+01,3.60000000000000e+01,0.00000000000000e+00,0.00000000000000e+00,3.00000000000000e+00,0.00000000000000e+00,0.00000000000000e+00
2.49224364757538e-02,3.00000000000000e+00,9.64432190383305e+05,2.40000000000000e+01,3.60000000000000e+01,0.00000000000000e+00,0.00000000000000e+00,3.00000000000000e+00,0.00000000000000e+00,0.00000000000000e+00
2.26061999797821e-02,3.00000000000000e+00,1.06324799624752e+06,2.40000000000000e+01,3.60000000000000e+01,0.00000000000000e+00,0.00000000000000e+00,3.00000000000000e+00,0.00000000000000e+00,0.00000000000000e+00
2.38249301910400e-02,2.00000000000000e+00,1.00835539924904e+06,2.40000000000000e+01,2.40000000000000e+01,0.00000000000000e+00,0.00000000000000e+00,3.00000000000000e+00,0.00000000000000e+00,0.00000000000000e+00
1.79913133382797e-02,9.00000000000000e+00,1.33997999738607e+06,2.40000000000000e+01,1.08000000000000e+02,0.00000000000000e+00,0.00000000000000e+00,3.00000000000000e+00,0.00000000000000e+00,0.00000000000000e+00
1.81545704603195e-02,1.20000000000000e+01,1.32991304050799e+06,2.40000000000000e+01,3.60000000000000e+01,0.00000000000000e+00,0.00000000000000e+00,3.00000000000000e+00,0.00000000000000e+00,0.00000000000000e+00
1.83695942163467e-02,1.20000000000000e+01,1.31434585411335e+06,2.40000000000000e+01,3.60000000000000e+01,0.00000000000000e+00,0.00000000000000e+00,3.00000000000000e+00,0.00000000000000e+00,0.00000000000000e+00
1.86518162488937e-02,1.30000000000000e+01,1.29510175725824e+06,2.40000000000000e+01,4.80000000000000e+01,0.00000000000000e+00,0.00000000000000e+00,3.00000000000000e+00,0.00000000000000e+00,0.00000000000000e+00
1.89689487218857e-02,1.20000000000000e+01,1.27281697863116e+06,2.40000000000000e+01,3.60000000000000e+01,0.00000000000000e+00,0.00000000000000e+00,3.00000000000000e+00,0.00000000000000e+00,0.00000000000000e+00
1.93343400955200e-02,1.10000000000000e+01,1.24814170853649e+06,2.40000000000000e+01,2.40000000000000e+01,0.00000000000000e+00,0.00000000000000e+00,3.00000000000000e+00,0.00000000000000e+00,0.00000000000000e+00
1.97353214025497e-02,9.00000000000000e+00,1.22156612037164e+06,2.40000000000000e+01,1.08000000000000e+02,0.00000000000000e+00,0.00000000000000e+00,3.00000000000000e+00,0.00000000000000e+00,0.00000000000000e+00
2.53951370716095e-02,1.00000000000000e+00,9.45535357115446e+05,2.40000000000000e+01,1.20000000000000e+01,0.00000000000000e+00,0.00000000000000e+00,3.00000000000000e+00,0.00000000000000e+00,0.00000000000000e+00
3.40107262134552e-02,2.00000000000000e+00,7.06365393353339e+05,2.40000000000000e+01,2.40000000000000e+01,0.00000000000000e+00,0.00000000000000e+00,3.00000000000000e+00,0.00000000000000e+00,0.00000000000000e+00
2.52416133880615e-02,2.00000000000000e+00,9.51761440828593e+05,2.40000000000000e+01,2.40000000000000e+01,0.00000000000000e+00,0.00000000000000e+00,3.00000000000000e+00,0.00000000000000e+00,0.00000000000000e+00
2.34538197517395e-02,3.00000000000000e+00,1.02482227629506e+06,2.40000000000000e+01,3.60000000000000e+01,0.00000000000000e+00,0.00000000000000e+00,3.00000000000000e+00,0.00000000000000e+00,0.00000000000000e+00
2.54596292972565e-02,3.00000000000000e+00,9.44082874081364e+05,2.40000000000000e+01,3.60000000000000e+01,0.00000000000000e+00,0.00000000000000e+00,3.00000000000000e+00,0.00000000000000e+00,0.00000000000000e+00
2.37923145294189e-02,3.00000000000000e+00,1.01074643065961e+06,2.40000000000000e+01,3.60000000000000e+01,0.00000000000000e+00,0.00000000000000e+00,3.00000000000000e+00,0.00000000000000e+00,0.00000000000000e+00
2.61987447738648e-02,2.00000000000000e+00,9.16990288720921e+05,2.40000000000000e+01,2.40000000000000e+01,0.00000000000000e+00,0.00000000000000e+00,3.00000000000000e+00,0.00000000000000e+00,0.00000000000000e+00
1.84039950370789e-02,1.00000000000000e+01,1.31058479670082e+06,2.40000000000000e+01,1.20000000000000e+01,0.00000000000000e+00,0.00000000000000e+00,3.00000000000000e+00,0.00000000000000e+00,0.00000000000000e+00
1.86445116996765e-02,1.20000000000000e+01,1.29496532435985e+06,2.40000000000000e+01,3.60000000000000e+01,0.00000000000000e+00,0.00000000000000e+00,3.00000000000000e+00,0.00000000000000e+00,0.00000000000000e+00
1.89645498991013e-02,1.30000000000000e+01,1.27374496776983e+06,2.40000000000000e+01,4.80000000000000e+01,0.00000000000000e+00,0.00000000000000e+00,3.00000000000000e+00,0.00000000000000e+00,0.00000000000000e+00
1.93465441465378e-02,1.30000000000000e+01,1.24859508845785e+06,2.40000000000000e+01,4.80000000000000e+01,0.00000000000000e+00,0.00000000000000e+00,3.00000000000000e+00,0.00000000000000e+00,0.00000000000000e+00
1.97850525379181e-02,1.20000000000000e+01,1.22031499875504e+06,2.40000000000000e+01,3.60000000000000e+01,0.00000000000000e+00,0.00000000000000e+00,3.00000000000000e+00,0.00000000000000e+00,0.00000000000000e+00
2.02889680862427e-02,1.10000000000000e+01,1.18941467859231e+06,2.40000000000000e+01,2.40000000000000e+01,0.00000000000000e+00,0.00000000000000e+00,3.00000000000000e+00,0.00000000000000e+00,0.00000000000000e+00
2.08461254835129e-02,9.00000000000000e+00,1.15647389818635e+06,2.40000000000000e+01,1.08000000000000e+02,0.00000000000000e+00,0.00000000000000e+00,3.00000000000000e+00,0.00000000000000e+00,0.00000000000000e+00
2.52525031566620e-02,2.00000000000000e+00,9.51351232428699e+05,2.40000000000000e+01,2.40000000000000e+01,0.00000000000000e+00,0.00000000000000e+00,3.00000000000000e+00,0.00000000000000e+00,0.00000000000000e+00
2.77392625808716e-02,2.00000000000000e+00,8.66064653586676e+05,2.40000000000000e+01,2.40000000000000e+01,0.00000000000000e+00,0.00000000000000e+00,3.00000000000000e+00,0.00000000000000e+00,0.00000000000000e+00
2.61705279350281e-02,3.00000000000000e+00,9.18437510521702e+05,2.40000000000000e+01,3.60000000000000e+01,0.00000000000000e+00,0.00000000000000e+00,3.00000000000000e+00,0.00000000000000e+00,0.00000000000000e+00
2.81144320964813e-02,3.00000000000000e+00,8.54934573016264e+05,2.40000000000000e+01,3.60000000000000e+01,0.00000000000000e+00,0.00000000000000e+00,3.00000000000000e+00,0.00000000000000e+00,0.00000000000000e+00
3.59781503677368e-02,3.00000000000000e+00,6.68071921160133e+05,2.40000000000000e+01,3.60000000000000e+01,0.00000000000000e+00,0.00000000000000e+00,3.00000000000000e+00,0.00000000000000e+00,0.00000000000000e+00
2.41945177316666e-02,3.00000000000000e+00,9.93448196263938e+05,2.40000000000000e+01,3.60000000000000e+01,0.00000000000000e+00,0.00000000000000e+00,3.00000000000000e+00,0.00000000000000e+00,0.00000000000000e+00
1.99488371610642e-02,8.00000000000000e+00,1.20788995395833e+06,2.40000000000000e+01,9.60000000000000e+01,0.00000000000000e+00,0.00000000000000e+00,3.00000000000000e+00,0.00000000000000e+00,0.00000000000000e+00
2.02873170375824e-02,1.50000000000000e+01,1.19187748696068e+06,2.40000000000000e+01,7.20000000000000e+01,0.00000000000000e+00,0.00000000000000e+00,3.00000000000000e+00,0.00000000000000e+00,0.00000000000000e+00
2.07263827323914e-02,1.40000000000000e+01,1.16604990059990e+06,2.40000000000000e+01,6.00000000000000e+01,0.00000000000000e+00,0.00000000000000e+00,3.00000000000000e+00,0.00000000000000e+00,0.00000000000000e+00
2.12702900171280e-02,1.30000000000000e+01,1.13566857718199e+06,2.40000000000000e+01,4.80000000000000e+01,0.00000000000000e+00,0.00000000000000e+00,3.00000000000000e+00,0.00000000000000e+00,0.00000000000000e+00
2.19494700431824e-02,1.40000000000000e+01,1.10107427063141e+06,2.40000000000000e+01,6.00000000000000e+01,0.00000000000000e+00,0.00000000000000e+00,3.00000000000000e+00,0.00000000000000e+00,0.00000000000000e+00
2.27122992277145e-02,1.20000000000000e+01,1.06303636447949e+06,2.40000000000000e+01,3.60000000000000e+01,0.00000000000000e+00,0.00000000000000e+00,3.00000000000000e+00,0.00000000000000e+00,0.00000000000000e+00
2.35885620117188e-02,9.00000000000000e+00,1.02202062771628e+06,2.40000000000000e+01,1.08000000000000e+02,0.00000000000000e+00,0.00000000000000e+00,3.00000000000000e+00,0.00000000000000e+00,0.00000000000000e+00
3.33264946937561e-02,2.00000000000000e+00,7.20867763743372e+05,2.40000000000000e+01,2.40000000000000e+01,0.00000000000000e+00,0.00000000000000e+00,3.00000000000000e+00,0.00000000000000e+00,0.00000000000000e+00
3.79253864288330e-02,3.00000000000000e+00,6.33770534941549e+05,2.40000000000000e+01,3.60000000000000e+01,0.00000000000000e+00,0.00000000000000e+00,3.00000000000000e+00,0.00000000000000e+00,0.00000000000000e+00
3.41366708278656e-02,3.00000000000000e+00,7.04110840837459e+05,2.40000000000000e+01,3.60000000000000e+01,0.00000000000000e+00,0.00000000000000e+00,3.00000000000000e+00,0.00000000000000e+00,0.00000000000000e+00
3.18706691265106e-02,4.00000000000000e+00,7.54549579883041e+05,2.40000000000000e+01,4.80000000000000e+01,0.00000000000000e+00,0.00000000000000e+00,3.00000000000000e+00,0.00000000000000e+00,0.00000000000000e+00
3.55588912963867e-02,3.00000000000000e+00,6.75948857396015e+05,2.40000000000000e+01,3.60000000000000e+01,0.00000000000000e+00,0.00000000000000e+00,3.00000000000000e+00,0.00000000000000e+00,0.00000000000000e+00
2.39044994115830e-02,1.30000000000000e+01,1.01052105647923e+06,2.40000000000000e+01,4.80000000000000e+01,0.00000000000000e+00,0.00000000000000e+00,3.00000000000000e+00,0.00000000000000e+00,0.00000000000000e+00
2.47886300086975e-02,1.90000000000000e+01,9.77383347358869e+05,2.40000000000000e+01,1.20000000000000e+01,0.00000000000000e+00,0.00000000000000e+00,3.00000000000000e+00,0.00000000000000e+00,0.00000000000000e+00
2.58985698223114e-02,1.70000000000000e+01,9.34568980683577e+05,2.40000000000000e+01,1.08000000000000e+02,0.00000000000000e+00,0.00000000000000e+00,3.00000000000000e+00,0.00000000000000e+00,0.00000000000000e+00
2.73736476898193e-02,1.80000000000000e+01,8.84646248154342e+05,2.40000000000000e+01,1.08000000000000e+02,0.00000000000000e+00,0.00000000000000e+00,3.00000000000000e+00,0.00000000000000e+00,0.00000000000000e+00
2.92388141155243e-02,1.40000000000000e+01,8.26572510927112e+05,2.40000000000000e+01,6.00000000000000e+01,0.00000000000000e+00,0.00000000000000e+00,3.00000000000000e+00,0.00000000000000e+00,0.00000000000000e+00
5.20996570587158e-02,3.00000000000000e+00,4.61346395688487e+05,2.40000000000000e+01,3.60000000000000e+01,0.00000000000000e+00,0.00000000000000e+00,3.00000000000000e+00,0.00000000000000e+00,0.00000000000000e+00
4.47834491729736e-02,5.00000000000000e+00,5.37251909796580e+05,2.40000000000000e+01,7.20000000000000e+01,0.00000000000000e+00,0.00000000000000e+00,3.00000000000000e+00,0.00000000000000e+00,0.00000000000000e+00
4.61127638816834e-02,5.00000000000000e+00,5.21764430814284e+05,2.40000000000000e+01,7.20000000000000e+01,0.00000000000000e+00,0.00000000000000e+00,3.00000000000000e+00,0.00000000000000e+00,0.00000000000000e+00
5.72877883911133e-02,4.00000000000000e+00,4.19775150466638e+05,2.40000000000000e+01,4.80000000000000e+01,0.00000000000000e+00,0.00000000000000e+00,3.00000000000000e+00,0.00000000000000e+00,0.00000000000000e+00
1.01634025573730e-01,1.40000000000000e+01,2.37794155901553e+05,2.40000000000000e+01,6.00000000000000e+01,0.00000000000000e+00,0.00000000000000e+00,3.00000000000000e+00,0.00000000000000e+00,0.00000000000000e+00
3.94134402275086e-02,2.00000000000000e+00,6.09538265660770e+05,2.40000000000000e+01,2.40000000000000e+01,0.00000000000000e+00,0.00000000000000e+00,3.00000000000000e+00,0.00000000000000e+00,0.00000000000000e+00
3.56820702552795e-02,1.70000000000000e+01,6.78323870415528e+05,2.40000000000000e+01,1.08000000000000e+02,0.00000000000000e+00,0.00000000000000e+00,3.00000000000000e+00,0.00000000000000e+00,0.00000000000000e+00
3.35951447486877e-02,1.90000000000000e+01,7.21175511601430e+05,2.40000000000000e+01,1.20000000000000e+01,0.00000000000000e+00,0.00000000000000e+00,3.00000000000000e+00,0.00000000000000e+00,0.00000000000000e+00
3.13466310501099e-02,2.20000000000000e+01,7.74054326523604e+05,2.40000000000000e+01,4.80000000000000e+01,0.00000000000000e+00,0.00000000000000e+00,3.00000000000000e+00,0.00000000000000e+00,0.00000000000000e+00
2.95455276966095e-02,1.90000000000000e+01,8.20022585102797e+05,2.40000000000000e+01,1.20000000000000e+01,0.00000000000000e+00,0.00000000000000e+00,3.00000000000000e+00,0.00000000000000e+00,0.00000000000000e+00
2.85582065582275e-02,1.50000000000000e+01,8.46691647251158e+05,2.40000000000000e+01,7.20000000000000e+01,0.00000000000000e+00,0.00000000000000e+00,3.00000000000000e+00,0.00000000000000e+00,0.00000000000000e+00
4.28704380989075e-02,4.00000000000000e+00,5.60945982042876e+05,2.40000000000000e+01,4.80000000000000e+01,0.00000000000000e+00,0.00000000000000e+00,3.00000000000000e+00,0.00000000000000e+00,0.00000000000000e+00
5.14247179031372e-02,4.00000000000000e+00,4.67635039735102e+05,2.40000000000000e+01,4.80000000000000e+01,0.00000000000000e+00,0.00000000000000e+00,3.00000000000000e+00,0.00000000000000e+00,0.00000000000000e+00
4.06675577163696e-02,3.00000000000000e+00,5.91036056847498e+05,2.40000000000000e+01,3.60000000000000e+01,0.00000000000000e+00,0.00000000000000e+00,3.00000000000000e+00,0.00000000000000e+00,0.00000000000000e+00
2.79051542282105e-02,1.20000000000000e+01,8.65216319732815e+05,2.40000000000000e+01,3.60000000000000e+01,0.00000000000000e+00,0.00000000000000e+00,3.00000000000000e+00,0.00000000000000e+00,0.00000000000000e+00
2.77278542518616e-02,1.50000000000000e+01,8.72047096849223e+05,2.40000000000000e+01,7.20000000000000e+01,0.00000000000000e+00,0.00000000000000e+00,3.00000000000000e+00,0.00000000000000e+00,0.00000000000000e+00
2.69633412361145e-02,1.60000000000000e+01,8.97217983495365e+05,2.40000000000000e+01,8.40000000000000e+01,0.00000000000000e+00,0.00000000000000e+00,3.00000000000000e+00,0.00000000000000e+00,0.00000000000000e+00
2.57249295711517e-02,1.60000000000000e+01,9.40410737883194e+05,2.40000000000000e+01,8.40000000000000e+01,0.00000000000000e+00,0.00000000000000e+00,3.00000000000000e+00,0.00000000000000e+00,0.00000000000000e+00
2.46508300304413e-02,1.80000000000000e+01,9.82360430464032e+05,2.40000000000000e+01,1.08000000000000e+02,0.00000000000000e+00,0.00000000000000e+00,3.00000000000000e+00,0.00000000000000e+00,0.00000000000000e+00
2.40060955286026e-02,1.60000000000000e+01,1.00774405280425e+06,2.40000000000000e+01,8.40000000000000e+01,0.00000000000000e+00,0.00000000000000e+00,3.00000000000000e+00,0.00000000000000e+00,0.00000000000000e+00
2.37710028886795e-02,1.10000000000000e+01,1.01518644850666e+06,2.40000000000000e+01,2.40000000000000e+01,0.00000000000000e+00,0.00000000000000e+00,3.00000000000000e+00,0.00000000000000e+00,0.00000000000000e+00
4.22835588455200e-02,3.00000000000000e+00,5.68447734292866e+05,2.40000000000000e+01,3.60000000000000e+01,0.00000000000000e+00,0.00000000000000e+00,3.00000000000000e+00,0.00000000000000e+00,0.00000000000000e+00
3.08946728706360e-02,4.00000000000000e+00,7.78386470093090e+05,2.40000000000000e+01,4.80000000000000e+01,0.00000000000000e+00,0.00000000000000e+00,3.00000000000000e+00,0.00000000000000e+00,0.00000000000000e+00
4.28346633911133e-02,3.00000000000000e+00,5.61134170503277e+05,2.40000000000000e+01,3.60000000000000e+01,0.00000000000000e+00,0.00000000000000e+00,3.00000000000000e+00,0.00000000000000e+00,0.00000000000000e+00
2.78710722923279e-02,2.00000000000000e+00,8.61968804439529e+05,2.40000000000000e+01,2.40000000000000e+01,0.00000000000000e+00,0.00000000000000e+00,3.00000000000000e+00,0.00000000000000e+00,0.00000000000000e+00
2.53179848194122e-02,1.20000000000000e+01,9.53630400374042e+05,2.40000000000000e+01,3.60000000000000e+01,0.00000000000000e+00,0.00000000000000e+00,3.00000000000000e+00,0.00000000000000e+00,0.00000000000000e+00
2.52194702625275e-02,1.40000000000000e+01,9.58783025507401e+05,2.40000000000000e+01,6.00000000000000e+01,0.00000000000000e+00,0.00000000000000e+00,3.00000000000000e+00,0.00000000000000e+00,0.00000000000000e+00
2.45430171489716e-02,1.40000000000000e+01,9.84720006236590e+05,2.40000000000000e+01,6.00000000000000e+01,0.00000000000000e+00,0.00000000000000e+00,3.00000000000000e+00,0.00000000000000e+00,0.00000000000000e+00
2.35139638185501e-02,1.40000000000000e+01,1.02781479917622e+06,2.40000000000000e+01,6.00000000000000e+01,0.00000000000000e+00,0.00000000000000e+00,3.00000000000000e+00,0.00000000000000e+00,0.00000000000000e+00
2.26579457521439e-02,1.60000000000000e+01,1.06770491308600e+06,2.40000000000000e+01,8.40000000000000e+01,0.00000000000000e+00,0.00000000000000e+00,3.00000000000000e+00,0.00000000000000e+00,0.00000000000000e+00
2.21669942140579e-02,1.60000000000000e+01,1.09135229460464e+06,2.40000000000000e+01,8.40000000000000e+01,0.00000000000000e+00,0.00000000000000e+00,3.00000000000000e+00,0.00000000000000e+00,0.00000000000000e+00
2.19872027635574e-02,1.10000000000000e+01,1.09754752614541e+06,2.40000000000000e+01,2.40000000000000e+01,0.00000000000000e+00,0.00000000000000e+00,3.00000000000000e+00,0.00000000000000e+00,0.00000000000000e+00
2.65078544616699e-02,3.00000000000000e+00,9.06749908035944e+05,2.40000000000000e+01,3.60000000000000e+01,0.00000000000000e+00,0.00000000000000e+00,3.00000000000000e+00,0.00000000000000e+00,0.00000000000000e+00
3.79325866699219e-02,3.00000000000000e+00,6.33650234703334e+05,2.40000000000000e+01,3.60000000000000e+01,0.00000000000000e+00,0.00000000000000e+00,3.00000000000000e+00,0.00000000000000e+00,0.00000000000000e+00
4.10681366920471e-02,3.00000000000000e+00,5.85271257379802e+05,2.40000000000000e+01,3.60000000000000e+01,0.00000000000000e+00,0.00000000000000e+00,3.00000000000000e+00,0.00000000000000e+00,0.00000000000000e+00
3.99625301361084e-02,2.00000000000000e+00,6.01162958194983e+05,2.40000000000000e+01,2.40000000000000e+01,0.00000000000000e+00,0.00000000000000e+00,3.00000000000000e+00,0.00000000000000e+00,0.00000000000000e+00
2.40877479314804e-02,1.10000000000000e+01,1.00183711937893e+06,2.40000000000000e+01,2.40000000000000e+01,0.00000000000000e+00,0.00000000000000e+00,3.00000000000000e+00,0.00000000000000e+00,0.00000000000000e+00
2.41435796022415e-02,1.30000000000000e+01,1.00051443895077e+06,2.40000000000000e+01,4.80000000000000e+01,0.00000000000000e+00,0.00000000000000e+00,3.00000000000000e+00,0.00000000000000e+00,0.00000000000000e+00
2.36873894929886e-02,1.40000000000000e+01,1.02028972028149e+06,2.40000000000000e+01,6.00000000000000e+01,0.00000000000000e+00,0.00000000000000e+00,3.00000000000000e+00,0.00000000000000e+00,0.00000000000000e+00
2.28062778711319e-02,1.50000000000000e+01,1.06023438531401e+06,2.40000000000000e+01,7.20000000000000e+01,0.00000000000000e+00,0.00000000000000e+00,3.00000000000000e+00,0.00000000000000e+00,0.00000000000000e+00
2.19239801168442e-02,1.50000000000000e+01,1.10290193072299e+06,2.40000000000000e+01,7.20000000000000e+01,0.00000000000000e+00,0.00000000000000e+00,3.00000000000000e+00,0.00000000000000e+00,0.00000000000000e+00
2.13707357645035e-02,1.60000000000000e+01,1.13201530665980e+06,2.40000000000000e+01,8.40000000000000e+01,0.00000000000000e+00,0.00000000000000e+00,3.00000000000000e+00,0.00000000000000e+00,0.00000000000000e+00
2.11374938488007e-02,1.40000000000000e+01,1.14337095804100e+06,2.40000000000000e+01,6.00000000000000e+01,0.00000000000000e+00,0.00000000000000e+00,3.00000000000000e+00,0.00000000000000e+00,0.00000000000000e+00
2.31083810329437e-02,2.00000000000000e+00,1.03962267488293e+06,2.40000000000000e+01,2.40000000000000e+01,0.00000000000000e+00,0.00000000000000e+00,3.00000000000000e+00,0.00000000000000e+00,0.00000000000000e+00
3.11385750770569e-02,3.00000000000000e+00,7.71904152313078e+05,2.40000000000000e+01,3.60000000000000e+01,0.00000000000000e+00,0.00000000000000e+00,3.00000000000000e+00,0.00000000000000e+00,0.00000000000000e+00
4.04826402664185e-02,3.00000000000000e+00,5.93735802900589e+05,2.40000000000000e+01,3.60000000000000e+01,0.00000000000000e+00,0.00000000000000e+00,3.00000000000000e+00,0.00000000000000e+00,0.00000000000000e+00
2.94657766819000e-02,3.00000000000000e+00,8.15725994922259e+05,2.40000000000000e+01,3.60000000000000e+01,0.00000000000000e+00,0.00000000000000e+00,3.00000000000000e+00,0.00000000000000e+00,0.00000000000000e+00
2.89173424243927e-02,2.00000000000000e+00,8.30781738080294e+05,2.40000000000000e+01,2.40000000000000e+01,0.00000000000000e+00,0.00000000000000e+00,3.00000000000000e+00,0.00000000000000e+00,0.00000000000000e+00
2.34688401222229e-02,1.00000000000000e+01,1.02774558995951e+06,2.40000000000000e+01,1.20000000000000e+01,0.00000000000000e+00,0.00000000000000e+00,3.00000000000000e+00,0.00000000000000e+00,0.00000000000000e+00
2.36289232969284e-02,1.50000000000000e+01,1.02332212501376e+06,2.40000000000000e+01,7.20000000000000e+01,0.00000000000000e+00,0.00000000000000e+00,3.00000000000000e+00,0.00000000000000e+00,0.00000000000000e+00
2.32414036989212e-02,1.20000000000000e+01,1.03883570513947e+06,2.40000000000000e+01,3.60000000000000e+01,0.00000000000000e+00,0.00000000000000e+00,3.00000000000000e+00,0.00000000000000e+00,0.00000000000000e+00
2.24524617195129e-02,1.40000000000000e+01,1.07640743781124e+06,2.40000000000000e+01,6.00000000000000e+01,0.00000000000000e+00,0.00000000000000e+00,3.00000000000000e+00,0.00000000000000e+00,0.00000000000000e+00
2.15752482414246e-02,1.40000000000000e+01,1.12017235635897e+06,2.40000000000000e+01,6.00000000000000e+01,0.00000000000000e+00,0.00000000000000e+00,3.00000000000000e+00,0.00000000000000e+00,0.00000000000000e+00
2.09871679544449e-02,1.50000000000000e+01,1.15213258179882e+06,2.40000000000000e+01,7.20000000000000e+01,0.00000000000000e+00,0.00000000000000e+00,3.00000000000000e+00,0.00000000000000e+00,0.00000000000000e+00
2.07116663455963e-02,1.30000000000000e+01,1.16629903751293e+06,2.40000000000000e+01,4.80000000000000e+01,0.00000000000000e+00,0.00000000000000e+00,3.00000000000000e+00,0.00000000000000e+00,0.00000000000000e+00
2.07068145275116e-02,8.00000000000000e+00,1.16367471684090e+06,2.40000000000000e+01,9.60000000000000e+01,0.00000000000000e+00,0.00000000000000e+00,3.00000000000000e+00,0.00000000000000e+00,0.00000000000000e+00
2.55168676376343e-02,3.00000000000000e+00,9.41964927936583e+05,2.40000000000000e+01,3.60000000000000e+01,0.00000000000000e+00,0.00000000000000e+00,3.00000000000000e+00,0.00000000000000e+00,0.00000000000000e+00
3.68757247924805e-02,3.00000000000000e+00,6.51810706503379e+05,2.40000000000000e+01,3.60000000000000e+01,0.00000000000000e+00,0.00000000000000e+00,3.00000000000000e+00,0.00000000000000e+00,0.00000000000000e+00
3.25454950332642e-02,3.00000000000000e+00,7.38535258825225e+05,2.40000000000000e+01,3.60000000000000e+01,0.00000000000000e+00,0.00000000000000e+00,3.00000000000000e+00,0.00000000000000e+00,0.00000000000000e+00
2.94659018516540e-02,2.00000000000000e+00,8.15315114442854e+05,2.40000000000000e+01,2.40000000000000e+01,0.00000000000000e+00,0.00000000000000e+00,3.00000000000000e+00,0.00000000000000e+00,0.00000000000000e+00
2.30509042739868e-02,7.00000000000000e+00,1.04481787785563e+06,2.40000000000000e+01,8.40000000000000e+01,0.00000000000000e+00,0.00000000000000e+00,3.00000000000000e+00,0.00000000000000e+00,0.00000000000000e+00
2.33780682086945e-02,1.10000000000000e+01,1.03224940179968e+06,2.40000000000000e+01,2.40000000000000e+01,0.00000000000000e+00,0.00000000000000e+00,3.00000000000000e+00,0.00000000000000e+00,0.00000000000000e+00
2.33636796474457e-02,1.30000000000000e+01,1.03391234956186e+06,2.40000000000000e+01,4.80000000000000e+01,0.00000000000000e+00,0.00000000000000e+00,3.00000000000000e+00,0.00000000000000e+00,0.00000000000000e+00
2.28103637695313e-02,1.40000000000000e+01,1.05951825611268e+06,2.40000000000000e+01,6.00000000000000e+01,0.00000000000000e+00,0.00000000000000e+00,3.00000000000000e+00,0.00000000000000e+00,0.00000000000000e+00
2.19245493412018e-02,1.40000000000000e+01,1.10232581471562e+06,2.40000000000000e+01,6.00000000000000e+01,0.00000000000000e+00,0.00000000000000e+00,3.00000000000000e+00,0.00000000000000e+00,0.00000000000000e+00
2.11447924375534e-02,1.40000000000000e+01,1.14297645963539e+06,2.40000000000000e+01,6.00000000000000e+01,0.00000000000000e+00,0.00000000000000e+00,3.00000000000000e+00,0.00000000000000e+00,0.00000000000000e+00
2.06999629735947e-02,1.40000000000000e+01,1.16753832027764e+06,2.40000000000000e+01,6.00000000000000e+01,0.00000000000000e+00,0.00000000000000e+00,3.00000000000000e+00,0.00000000000000e+00,0.00000000000000e+00
2.05682426691055e-02,1.30000000000000e+01,1.17443188456170e+06,2.40000000000000e+01,4.80000000000000e+01,0.00000000000000e+00,0.00000000000000e+00,3.00000000000000e+00,0.00000000000000e+00,0.00000000000000e+00
3.54651808738708e-02,2.00000000000000e+00,6.77396799002365e+05,2.40000000000000e+01,2.40000000000000e+01,0.00000000000000e+00,0.00000000000000e+00,3.00000000000000e+00,0.00000000000000e+00,0.00000000000000e+00
3.53396534919739e-02,3.00000000000000e+00,6.80142492213709e+05,2.40000000000000e+01,3.60000000000000e+01,0.00000000000000e+00,0.00000000000000e+00,3.00000000000000e+00,0.00000000000000e+00,0.00000000000000e+00
3.35755765438080e-02,3.00000000000000e+00,7.15877506038916e+05,2.40000000000000e+01,3.60000000000000e+01,0.00000000000000e+00,0.00000000000000e+00,3.00000000000000e+00,0.00000000000000e+00,0.00000000000000e+00
2.63377487659454e-02,3.00000000000000e+00,9.12606472694372e+05,2.40000000000000e+01,3.60000000000000e+01,0.00000000000000e+00,0.00000000000000e+00,3.00000000000000e+00,0.00000000000000e+00,0.00000000000000e+00
2.94650435447693e-02,1.00000000000000e+00,8.14931602125252e+05,2.40000000000000e+01,1.20000000000000e+01,0.00000000000000e+00,0.00000000000000e+00,3.00000000000000e+00,0.00000000000000e+00,0.00000000000000e+00
2.34906405210495e-02,1.10000000000000e+01,1.02730276674984e+06,2.40000000000000e+01,2.40000000000000e+01,0.00000000000000e+00,0.00000000000000e+00,3.00000000000000e+00,0.00000000000000e+00,0.00000000000000e+00
2.34961062669754e-02,1.30000000000000e+01,1.02808523784863e+06,2.40000000000000e+01,4.80000000000000e+01,0.00000000000000e+00,0.00000000000000e+00,3.00000000000000e+00,0.00000000000000e+00,0.00000000000000e+00
2.29358077049255e-02,1.40000000000000e+01,1.05372338182228e+06,2.40000000000000e+01,6.00000000000000e+01,0.00000000000000e+00,0.00000000000000e+00,3.00000000000000e+00,0.00000000000000e+00,0.00000000000000e+00
2.20214843750000e-02,1.30000000000000e+01,1.09692863203723e+06,2.40000000000000e+01,4.80000000000000e+01,0.00000000000000e+00,0.00000000000000e+00,3.00000000000000e+00,0.00000000000000e+00,0.00000000000000e+00
2.12627679109573e-02,1.50000000000000e+01,1.13719907498681e+06,2.40000000000000e+01,7.20000000000000e+01,0.00000000000000e+00,0.00000000000000e+00,3.00000000000000e+00,0.00000000000000e+00,0.00000000000000e+00
2.08182930946350e-02,1.40000000000000e+01,1.16090192555080e+06,2.40000000000000e+01,6.00000000000000e+01,0.00000000000000e+00,0.00000000000000e+00,3.00000000000000e+00,0.00000000000000e+00,0.00000000000000e+00
2.06883192062378e-02,1.10000000000000e+01,1.16645515196888e+06,2.40000000000000e+01,2.40000000000000e+01,0.00000000000000e+00,0.00000000000000e+00,3.00000000000000e+00,0.00000000000000e+00,0.00000000000000e+00
3.38646113872528e-02,2.00000000000000e+00,7.09413131167453e+05,2.40000000000000e+01,2.40000000000000e+01,0.00000000000000e+00,0.00000000000000e+00,3.00000000000000e+00,0.00000000000000e+00,0.00000000000000e+00
3.71750593185425e-02,3.00000000000000e+00,6.46562311748289e+05,2.40000000000000e+01,3.60000000000000e+01,0.00000000000000e+00,0.00000000000000e+00,3.00000000000000e+00,0.00000000000000e+00,0.00000000000000e+00
3.49452495574951e-02,3.00000000000000e+00,6.87818576342327e+05,2.40000000000000e+01,3.60000000000000e+01,0.00000000000000e+00,0.00000000000000e+00,3.00000000000000e+00,0.00000000000000e+00,0.00000000000000e+00
2.66068696975708e-02,3.00000000000000e+00,9.03375514995543e+05,2.40000000000000e+01,3.60000000000000e+01,0.00000000000000e+00,0.00000000000000e+00,3.00000000000000e+00,0.00000000000000e+00,0.00000000000000e+00
2.53024220466614e-02,1.00000000000000e+00,9.48999834847374e+05,2.40000000000000e+01,1.20000000000000e+01,0.00000000000000e+00,0.00000000000000e+00,3.00000000000000e+00,0.00000000000000e+00,0.00000000000000e+00
2.39155709743500e-02,1.20000000000000e+01,1.01005311626116e+06,2.40000000000000e+01,3.60000000000000e+01,0.00000000000000e+00,0.00000000000000e+00,3.00000000000000e+00,0.00000000000000e+00,0.00000000000000e+00
2.39558726549149e-02,1.30000000000000e+01,1.00835399937076e+06,2.40000000000000e+01,4.80000000000000e+01,0.00000000000000e+00,0.00000000000000e+00,3.00000000000000e+00,0.00000000000000e+00,0.00000000000000e+00
2.33929038047790e-02,1.40000000000000e+01,1.03313368544201e+06,2.40000000000000e+01,6.00000000000000e+01,0.00000000000000e+00,0.00000000000000e+00,3.00000000000000e+00,0.00000000000000e+00,0.00000000000000e+00
2.24631100893021e-02,1.50000000000000e+01,1.07643153169229e+06,2.40000000000000e+01,7.20000000000000e+01,0.00000000000000e+00,0.00000000000000e+00,3.00000000000000e+00,0.00000000000000e+00,0.00000000000000e+00
2.16674625873566e-02,1.60000000000000e+01,1.11651267770733e+06,2.40000000000000e+01,8.40000000000000e+01,0.00000000000000e+00,0.00000000000000e+00,3.00000000000000e+00,0.00000000000000e+00,0.00000000000000e+00
2.12199389934540e-02,1.40000000000000e+01,1.13892865635399e+06,2.40000000000000e+01,6.00000000000000e+01,0.00000000000000e+00,0.00000000000000e+00,3.00000000000000e+00,0.00000000000000e+00,0.00000000000000e+00
2.11342513561249e-02,1.20000000000000e+01,1.14241078089352e+06,2.40000000000000e+01,3.60000000000000e+01,0.00000000000000e+00,0.00000000000000e+00,3.00000000000000e+00,0.00000000000000e+00,0.00000000000000e+00
3.05801630020142e-02,2.00000000000000e+00,7.85607170106779e+05,2.40000000000000e+01,2.40000000000000e+01,0.00000000000000e+00,0.00000000000000e+00,3.00000000000000e+00,0.00000000000000e+00,0.00000000000000e+00
4.02501463890076e-02,3.00000000000000e+00,5.97165529975918e+05,2.40000000000000e+01,3.60000000000000e+01,0.00000000000000e+00,0.00000000000000e+00,3.00000000000000e+00,0.00000000000000e+00,0.00000000000000e+00
3.85426402091980e-02,3.00000000000000e+00,6.23621004413287e+05,2.40000000000000e+01,3.60000000000000e+01,0.00000000000000e+00,0.00000000000000e+00,3.00000000000000e+00,0.00000000000000e+00,0.00000000000000e+00
4.08407092094421e-02,2.00000000000000e+00,5.88236601788634e+05,2.40000000000000e+01,2.40000000000000e+01,0.00000000000000e+00,0.00000000000000e+00,3.00000000000000e+00,0.00000000000000e+00,0.00000000000000e+00
2.46730566024780e-02,1.30000000000000e+01,9.79043438096773e+05,2.40000000000000e+01,4.80000000000000e+01,0.00000000000000e+00,0.00000000000000e+00,3.00000000000000e+00,0.00000000000000e+00,0.00000000000000e+00
2.48655796051025e-02,1.30000000000000e+01,9.71463146777865e+05,2.40000000000000e+01,4.80000000000000e+01,0.00000000000000e+00,0.00000000000000e+00,3.00000000000000e+00,0.00000000000000e+00,0.00000000000000e+00
2.43935227394104e-02,1.40000000000000e+01,9.90754689492834e+05,2.40000000000000e+01,6.00000000000000e+01,0.00000000000000e+00,0.00000000000000e+00,3.00000000000000e+00,0.00000000000000e+00,0.00000000000000e+00
2.34180867671967e-02,1.50000000000000e+01,1.03253511540815e+06,2.40000000000000e+01,7.20000000000000e+01,0.00000000000000e+00,0.00000000000000e+00,3.00000000000000e+00,0.00000000000000e+00,0.00000000000000e+00
2.25223809480667e-02,1.50000000000000e+01,1.07359874854064e+06,2.40000000000000e+01,7.20000000000000e+01,0.00000000000000e+00,0.00000000000000e+00,3.00000000000000e+00,0.00000000000000e+00,0.00000000000000e+00
2.20630735158920e-02,1.60000000000000e+01,1.09649274307020e+06,2.40000000000000e+01,8.40000000000000e+01,0.00000000000000e+00,0.00000000000000e+00,3.00000000000000e+00,0.00000000000000e+00,0.00000000000000e+00
2.19685107469559e-02,1.20000000000000e+01,1.09902761630511e+06,2.40000000000000e+01,3.60000000000000e+01,0.00000000000000e+00,0.00000000000000e+00,3.00000000000000e+00,0.00000000000000e+00,0.00000000000000e+00
2.88724184036255e-02,2.00000000000000e+00,8.32074220614456e+05,2.40000000000000e+01,2.40000000000000e+01,0.00000000000000e+00,0.00000000000000e+00,3.00000000000000e+00,0.00000000000000e+00,0.00000000000000e+00
3.46717834472656e-02,3.00000000000000e+00,6.93243593092064e+05,2.40000000000000e+01,3.60000000000000e+01,0.00000000000000e+00,0.00000000000000e+00,3.00000000000000e+00,0.00000000000000e+00,0.00000000000000e+00
3.34401130676270e-02,3.00000000000000e+00,7.18777345852403e+05,2.40000000000000e+01,3.60000000000000e+01,0.00000000000000e+00,0.00000000000000e+00,3.00000000000000e+00,0.00000000000000e+00,0.00000000000000e+00
3.35743904113770e-02,3.00000000000000e+00,7.15902669814156e+05,2.40000000000000e+01,3.60000000000000e+01,0.00000000000000e+00,0.00000000000000e+00,3.00000000000000e+00,0.00000000000000e+00,0.00000000000000e+00
2.72053599357605e-02,1.00000000000000e+00,8.82619998260413e+05,2.40000000000000e+01,1.20000000000000e+01,0.00000000000000e+00,0.00000000000000e+00,3.00000000000000e+00,0.00000000000000e+00,0.00000000000000e+00
2.63694703578949e-02,1.50000000000000e+01,9.16969498128756e+05,2.40000000000000e+01,7.20000000000000e+01,0.00000000000000e+00,0.00000000000000e+00,3.00000000000000e+00,0.00000000000000e+00,0.00000000000000e+00
2.63753771781921e-02,1.40000000000000e+01,9.16308964042255e+05,2.40000000000000e+01,6.00000000000000e+01,0.00000000000000e+00,0.00000000000000e+00,3.00000000000000e+00,0.00000000000000e+00,0.00000000000000e+00
2.55353569984436e-02,1.50000000000000e+01,9.46922118902748e+05,2.40000000000000e+01,7.20000000000000e+01,0.00000000000000e+00,0.00000000000000e+00,3.00000000000000e+00,0.00000000000000e+00,0.00000000000000e+00
2.44032889604569e-02,1.50000000000000e+01,9.90850046449941e+05,2.40000000000000e+01,7.20000000000000e+01,0.00000000000000e+00,0.00000000000000e+00,3.00000000000000e+00,0.00000000000000e+00,0.00000000000000e+00
2.37134337425232e-02,1.70000000000000e+01,1.02068714387459e+06,2.40000000000000e+01,1.08000000000000e+02,0.00000000000000e+00,0.00000000000000e+00,3.00000000000000e+00,0.00000000000000e+00,0.00000000000000e+00
2.35356330871582e-02,1.50000000000000e+01,1.02737822469571e+06,2.40000000000000e+01,7.20000000000000e+01,0.00000000000000e+00,0.00000000000000e+00,3.00000000000000e+00,0.00000000000000e+00,0.00000000000000e+00
3.52291941642761e-02,2.00000000000000e+00,6.81934417459975e+05,2.40000000000000e+01,2.40000000000000e+01,0.00000000000000e+00,0.00000000000000e+00,3.00000000000000e+00,0.00000000000000e+00,0.00000000000000e+00
3.26019525527954e-02,4.00000000000000e+00,7.37624397326289e+05,2.40000000000000e+01,4.80000000000000e+01,0.00000000000000e+00,0.00000000000000e+00,3.00000000000000e+00,0.00000000000000e+00,0.00000000000000e+00
3.57139468193054e-02,4.00000000000000e+00,6.73350389461875e+05,2.40000000000000e+01,4.80000000000000e+01,0.00000000000000e+00,0.00000000000000e+00,3.00000000000000e+00,0.00000000000000e+00,0.00000000000000e+00
4.34504508972168e-02,3.00000000000000e+00,5.53181679573781e+05,2.40000000000000e+01,3.60000000000000e+01,0.00000000000000e+00,0.00000000000000e+00,3.00000000000000e+00,0.00000000000000e+00,0.00000000000000e+00
2.90562927722931e-02,1.20000000000000e+01,8.30938763909440e+05,2.40000000000000e+01,3.60000000000000e+01,0.00000000000000e+00,0.00000000000000e+00,3.00000000000000e+00,0.00000000000000e+00,0.00000000000000e+00
2.98475384712219e-02,1.50000000000000e+01,8.10116894384461e+05,2.40000000000000e+01,7.20000000000000e+01,0.00000000000000e+00,0.00000000000000e+00,3.00000000000000e+00,0.00000000000000e+00,0.00000000000000e+00
2.93499052524567e-02,1.80000000000000e+01,8.25079324505590e+05,2.40000000000000e+01,1.08000000000000e+02,0.00000000000000e+00,0.00000000000000e+00,3.00000000000000e+00,0.00000000000000e+00,0.00000000000000e+00
2.79517471790314e-02,1.70000000000000e+01,8.65920825806452e+05,2.40000000000000e+01,1.08000000000000e+02,0.00000000000000e+00,0.00000000000000e+00,3.00000000000000e+00,0.00000000000000e+00,0.00000000000000e+00
2.71151244640350e-02,2.00000000000000e+01,8.93966023727881e+05,2.40000000000000e+01,2.40000000000000e+01,0.00000000000000e+00,0.00000000000000e+00,3.00000000000000e+00,0.00000000000000e+00,0.00000000000000e+00
2.71342694759369e-02,1.80000000000000e+01,8.92450781528323e+05,2.40000000000000e+01,1.08000000000000e+02,0.00000000000000e+00,0.00000000000000e+00,3.00000000000000e+00,0.00000000000000e+00,0.00000000000000e+00
4.09567408396409e-02,3.00000000000000e+00,5.86863102562503e+05,2.40000000000000e+01,3.60000000000000e+01,0.00000000000000e+00,0.00000000000000e+00,3.00000000000000e+00,0.00000000000000e+00,0.00000000000000e+00
4.34800114128089e-02,5.00000000000000e+00,5.53357556713019e+05,2.40000000000000e+01,7.20000000000000e+01,0.00000000000000e+00,0.00000000000000e+00,3.00000000000000e+00,0.00000000000000e+00,0.00000000000000e+00
1.04782612529402e-02,2.00000000000000e+00,2.29274680408059e+06,2.40000000000000e+01,2.40000000000000e+01,0.00000000000000e+00,0.00000000000000e+00,3.00000000000000e+00,0.00000000000000e+00,0.00000000000000e+00
